;epochs;accuracy;overfitting
0;1000;0.833939393939394;-0.0015183987146519806
0;2000;0.8327272727272728;0.0030772942681068782
0;5000;0.8242424242424242;-0.0006827053284763629
